问题,答案
什么是钢铁生产流程的复杂性？,钢铁生产流程包含多步骤和复杂工艺，包括从原材料处理到成品生产的多个环节，这些环节之间需要精确协调，以确保高效和质量稳定的生产。
为什么传统仓储管理效率低？,传统的仓储管理难以应对快速变化的需求，通常存在识别慢、空间利用不佳、调度滞后等问题，因此需要智能堆垛系统来提高仓储效率和优化堆垛方式。
什么是智能堆垛优化？,智能堆垛优化使用多种算法如PSO、SA、EDA等，基于钢板的尺寸和重量等属性自动生成最优堆垛方案，最大限度地利用仓储空间并减少人工干预。
如何识别钢板的编号？,使用Tesseract OCR结合OpenCV自动检测钢板的编码信息，并将其自动录入到仓储管理系统中，从而减少人工输入的错误并提升效率。
什么是算法性能对比？,对多个优化算法的性能进行评估，展示它们在不同迭代下的收敛曲线，并提供性能指标对比表格，方便用户选择最优算法。
系统如何进行3D堆垛可视化？,通过StackingVisualization.py，系统支持生成3D堆垛图，并通过不同类型的图表如柱状图、折线图等形式动态展示优化结果。
未来系统有哪些改进计划？,系统计划引入大模型提升智能化水平，改进优化算法如PSO和GA等，以提高收敛速度并解决局部最优问题，同时研究如何在不同场景下的应用提供更好的解法分布。
什么是大模型引入？,大模型如qwen2可以增强系统的智能化能力，不仅可以回答用户问题，还能生成个性化的优化建议，帮助用户更高效地使用系统并理解结果。
如何通过VRP算法优化物流？,车辆路径优化（VRP）算法可结合仓储数据，优化配送路线和时间，提升物流配送的效率，减少配送成本。
如何使用图像识别技术？,图像识别模块通过Tesseract OCR和OpenCV技术实现，可以识别钢板编码信息，并支持对图像的预处理如旋转和检测功能，自动化程度高。
为什么要改进传统仓储系统？,钢铁生产流程包含多步骤和复杂工艺，包括从原材料处理到成品生产的多个环节，这些环节之间需要精确协调，以确保高效和质量稳定的生产。
如何最小化翻垛次数？,传统的仓储管理难以应对快速变化的需求，通常存在识别慢、空间利用不佳、调度滞后等问题，因此需要智能堆垛系统来提高仓储效率和优化堆垛方式。
如何最大化库存均衡度？,智能堆垛优化使用多种算法如PSO、SA、EDA等，基于钢板的尺寸和重量等属性自动生成最优堆垛方案，最大限度地利用仓储空间并减少人工干预。
什么是粒子群优化算法（PSO）？,使用Tesseract OCR结合OpenCV自动检测钢板的编码信息，并将其自动录入到仓储管理系统中，从而减少人工输入的错误并提升效率。
遗传算法（GA）的作用是什么？,对多个优化算法的性能进行评估，展示它们在不同迭代下的收敛曲线，并提供性能指标对比表格，方便用户选择最优算法。
模拟退火算法（SA）的基本原理是什么？,通过StackingVisualization.py，系统支持生成3D堆垛图，并通过不同类型的图表如柱状图、折线图等形式动态展示优化结果。
如何结合多个算法进行优化？,系统计划引入大模型提升智能化水平，改进优化算法如PSO和GA等，以提高收敛速度并解决局部最优问题，同时研究如何在不同场景下的应用提供更好的解法分布。
优化算法的性能如何比较？,大模型如qwen2可以增强系统的智能化能力，不仅可以回答用户问题，还能生成个性化的优化建议，帮助用户更高效地使用系统并理解结果。
如何提高系统的识别准确性？,车辆路径优化（VRP）算法可结合仓储数据，优化配送路线和时间，提升物流配送的效率，减少配送成本。
如何减少人工输入错误？,图像识别模块通过Tesseract OCR和OpenCV技术实现，可以识别钢板编码信息，并支持对图像的预处理如旋转和检测功能，自动化程度高。
什么是钢铁生产流程的复杂性？,钢铁生产流程包含多步骤和复杂工艺，包括从原材料处理到成品生产的多个环节，这些环节之间需要精确协调，以确保高效和质量稳定的生产。
为什么传统仓储管理效率低？,传统的仓储管理难以应对快速变化的需求，通常存在识别慢、空间利用不佳、调度滞后等问题，因此需要智能堆垛系统来提高仓储效率和优化堆垛方式。
什么是智能堆垛优化？,智能堆垛优化使用多种算法如PSO、SA、EDA等，基于钢板的尺寸和重量等属性自动生成最优堆垛方案，最大限度地利用仓储空间并减少人工干预。
如何识别钢板的编号？,使用Tesseract OCR结合OpenCV自动检测钢板的编码信息，并将其自动录入到仓储管理系统中，从而减少人工输入的错误并提升效率。
什么是算法性能对比？,对多个优化算法的性能进行评估，展示它们在不同迭代下的收敛曲线，并提供性能指标对比表格，方便用户选择最优算法。
系统如何进行3D堆垛可视化？,通过StackingVisualization.py，系统支持生成3D堆垛图，并通过不同类型的图表如柱状图、折线图等形式动态展示优化结果。
未来系统有哪些改进计划？,系统计划引入大模型提升智能化水平，改进优化算法如PSO和GA等，以提高收敛速度并解决局部最优问题，同时研究如何在不同场景下的应用提供更好的解法分布。
什么是大模型引入？,大模型如qwen2可以增强系统的智能化能力，不仅可以回答用户问题，还能生成个性化的优化建议，帮助用户更高效地使用系统并理解结果。
如何通过VRP算法优化物流？,车辆路径优化（VRP）算法可结合仓储数据，优化配送路线和时间，提升物流配送的效率，减少配送成本。
如何使用图像识别技术？,图像识别模块通过Tesseract OCR和OpenCV技术实现，可以识别钢板编码信息，并支持对图像的预处理如旋转和检测功能，自动化程度高。
为什么要改进传统仓储系统？,钢铁生产流程包含多步骤和复杂工艺，包括从原材料处理到成品生产的多个环节，这些环节之间需要精确协调，以确保高效和质量稳定的生产。
如何最小化翻垛次数？,传统的仓储管理难以应对快速变化的需求，通常存在识别慢、空间利用不佳、调度滞后等问题，因此需要智能堆垛系统来提高仓储效率和优化堆垛方式。
如何最大化库存均衡度？,智能堆垛优化使用多种算法如PSO、SA、EDA等，基于钢板的尺寸和重量等属性自动生成最优堆垛方案，最大限度地利用仓储空间并减少人工干预。
什么是粒子群优化算法（PSO）？,使用Tesseract OCR结合OpenCV自动检测钢板的编码信息，并将其自动录入到仓储管理系统中，从而减少人工输入的错误并提升效率。
遗传算法（GA）的作用是什么？,对多个优化算法的性能进行评估，展示它们在不同迭代下的收敛曲线，并提供性能指标对比表格，方便用户选择最优算法。
模拟退火算法（SA）的基本原理是什么？,通过StackingVisualization.py，系统支持生成3D堆垛图，并通过不同类型的图表如柱状图、折线图等形式动态展示优化结果。
如何结合多个算法进行优化？,系统计划引入大模型提升智能化水平，改进优化算法如PSO和GA等，以提高收敛速度并解决局部最优问题，同时研究如何在不同场景下的应用提供更好的解法分布。
优化算法的性能如何比较？,大模型如qwen2可以增强系统的智能化能力，不仅可以回答用户问题，还能生成个性化的优化建议，帮助用户更高效地使用系统并理解结果。
如何提高系统的识别准确性？,车辆路径优化（VRP）算法可结合仓储数据，优化配送路线和时间，提升物流配送的效率，减少配送成本。
如何减少人工输入错误？,图像识别模块通过Tesseract OCR和OpenCV技术实现，可以识别钢板编码信息，并支持对图像的预处理如旋转和检测功能，自动化程度高。
什么是钢铁生产流程的复杂性？,钢铁生产流程包含多步骤和复杂工艺，包括从原材料处理到成品生产的多个环节，这些环节之间需要精确协调，以确保高效和质量稳定的生产。
为什么传统仓储管理效率低？,传统的仓储管理难以应对快速变化的需求，通常存在识别慢、空间利用不佳、调度滞后等问题，因此需要智能堆垛系统来提高仓储效率和优化堆垛方式。
什么是智能堆垛优化？,智能堆垛优化使用多种算法如PSO、SA、EDA等，基于钢板的尺寸和重量等属性自动生成最优堆垛方案，最大限度地利用仓储空间并减少人工干预。
如何识别钢板的编号？,使用Tesseract OCR结合OpenCV自动检测钢板的编码信息，并将其自动录入到仓储管理系统中，从而减少人工输入的错误并提升效率。
什么是算法性能对比？,对多个优化算法的性能进行评估，展示它们在不同迭代下的收敛曲线，并提供性能指标对比表格，方便用户选择最优算法。
系统如何进行3D堆垛可视化？,通过StackingVisualization.py，系统支持生成3D堆垛图，并通过不同类型的图表如柱状图、折线图等形式动态展示优化结果。
未来系统有哪些改进计划？,系统计划引入大模型提升智能化水平，改进优化算法如PSO和GA等，以提高收敛速度并解决局部最优问题，同时研究如何在不同场景下的应用提供更好的解法分布。
什么是大模型引入？,大模型如qwen2可以增强系统的智能化能力，不仅可以回答用户问题，还能生成个性化的优化建议，帮助用户更高效地使用系统并理解结果。
如何通过VRP算法优化物流？,车辆路径优化（VRP）算法可结合仓储数据，优化配送路线和时间，提升物流配送的效率，减少配送成本。
如何使用图像识别技术？,图像识别模块通过Tesseract OCR和OpenCV技术实现，可以识别钢板编码信息，并支持对图像的预处理如旋转和检测功能，自动化程度高。
为什么要改进传统仓储系统？,钢铁生产流程包含多步骤和复杂工艺，包括从原材料处理到成品生产的多个环节，这些环节之间需要精确协调，以确保高效和质量稳定的生产。
如何最小化翻垛次数？,传统的仓储管理难以应对快速变化的需求，通常存在识别慢、空间利用不佳、调度滞后等问题，因此需要智能堆垛系统来提高仓储效率和优化堆垛方式。
如何最大化库存均衡度？,智能堆垛优化使用多种算法如PSO、SA、EDA等，基于钢板的尺寸和重量等属性自动生成最优堆垛方案，最大限度地利用仓储空间并减少人工干预。
什么是粒子群优化算法（PSO）？,使用Tesseract OCR结合OpenCV自动检测钢板的编码信息，并将其自动录入到仓储管理系统中，从而减少人工输入的错误并提升效率。
遗传算法（GA）的作用是什么？,对多个优化算法的性能进行评估，展示它们在不同迭代下的收敛曲线，并提供性能指标对比表格，方便用户选择最优算法。
模拟退火算法（SA）的基本原理是什么？,通过StackingVisualization.py，系统支持生成3D堆垛图，并通过不同类型的图表如柱状图、折线图等形式动态展示优化结果。
如何结合多个算法进行优化？,系统计划引入大模型提升智能化水平，改进优化算法如PSO和GA等，以提高收敛速度并解决局部最优问题，同时研究如何在不同场景下的应用提供更好的解法分布。
优化算法的性能如何比较？,大模型如qwen2可以增强系统的智能化能力，不仅可以回答用户问题，还能生成个性化的优化建议，帮助用户更高效地使用系统并理解结果。
如何提高系统的识别准确性？,车辆路径优化（VRP）算法可结合仓储数据，优化配送路线和时间，提升物流配送的效率，减少配送成本。
如何减少人工输入错误？,图像识别模块通过Tesseract OCR和OpenCV技术实现，可以识别钢板编码信息，并支持对图像的预处理如旋转和检测功能，自动化程度高。
什么是钢铁生产流程的复杂性？,钢铁生产流程包含多步骤和复杂工艺，包括从原材料处理到成品生产的多个环节，这些环节之间需要精确协调，以确保高效和质量稳定的生产。
为什么传统仓储管理效率低？,传统的仓储管理难以应对快速变化的需求，通常存在识别慢、空间利用不佳、调度滞后等问题，因此需要智能堆垛系统来提高仓储效率和优化堆垛方式。
什么是智能堆垛优化？,智能堆垛优化使用多种算法如PSO、SA、EDA等，基于钢板的尺寸和重量等属性自动生成最优堆垛方案，最大限度地利用仓储空间并减少人工干预。
如何识别钢板的编号？,使用Tesseract OCR结合OpenCV自动检测钢板的编码信息，并将其自动录入到仓储管理系统中，从而减少人工输入的错误并提升效率。
什么是算法性能对比？,对多个优化算法的性能进行评估，展示它们在不同迭代下的收敛曲线，并提供性能指标对比表格，方便用户选择最优算法。
系统如何进行3D堆垛可视化？,通过StackingVisualization.py，系统支持生成3D堆垛图，并通过不同类型的图表如柱状图、折线图等形式动态展示优化结果。
未来系统有哪些改进计划？,系统计划引入大模型提升智能化水平，改进优化算法如PSO和GA等，以提高收敛速度并解决局部最优问题，同时研究如何在不同场景下的应用提供更好的解法分布。
什么是大模型引入？,大模型如qwen2可以增强系统的智能化能力，不仅可以回答用户问题，还能生成个性化的优化建议，帮助用户更高效地使用系统并理解结果。
如何通过VRP算法优化物流？,车辆路径优化（VRP）算法可结合仓储数据，优化配送路线和时间，提升物流配送的效率，减少配送成本。
如何使用图像识别技术？,图像识别模块通过Tesseract OCR和OpenCV技术实现，可以识别钢板编码信息，并支持对图像的预处理如旋转和检测功能，自动化程度高。
为什么要改进传统仓储系统？,钢铁生产流程包含多步骤和复杂工艺，包括从原材料处理到成品生产的多个环节，这些环节之间需要精确协调，以确保高效和质量稳定的生产。
如何最小化翻垛次数？,传统的仓储管理难以应对快速变化的需求，通常存在识别慢、空间利用不佳、调度滞后等问题，因此需要智能堆垛系统来提高仓储效率和优化堆垛方式。
如何最大化库存均衡度？,智能堆垛优化使用多种算法如PSO、SA、EDA等，基于钢板的尺寸和重量等属性自动生成最优堆垛方案，最大限度地利用仓储空间并减少人工干预。
什么是粒子群优化算法（PSO）？,使用Tesseract OCR结合OpenCV自动检测钢板的编码信息，并将其自动录入到仓储管理系统中，从而减少人工输入的错误并提升效率。
遗传算法（GA）的作用是什么？,对多个优化算法的性能进行评估，展示它们在不同迭代下的收敛曲线，并提供性能指标对比表格，方便用户选择最优算法。
模拟退火算法（SA）的基本原理是什么？,通过StackingVisualization.py，系统支持生成3D堆垛图，并通过不同类型的图表如柱状图、折线图等形式动态展示优化结果。
如何结合多个算法进行优化？,系统计划引入大模型提升智能化水平，改进优化算法如PSO和GA等，以提高收敛速度并解决局部最优问题，同时研究如何在不同场景下的应用提供更好的解法分布。
优化算法的性能如何比较？,大模型如qwen2可以增强系统的智能化能力，不仅可以回答用户问题，还能生成个性化的优化建议，帮助用户更高效地使用系统并理解结果。
如何提高系统的识别准确性？,车辆路径优化（VRP）算法可结合仓储数据，优化配送路线和时间，提升物流配送的效率，减少配送成本。
如何减少人工输入错误？,图像识别模块通过Tesseract OCR和OpenCV技术实现，可以识别钢板编码信息，并支持对图像的预处理如旋转和检测功能，自动化程度高。
什么是钢铁生产流程的复杂性？,钢铁生产流程包含多步骤和复杂工艺，包括从原材料处理到成品生产的多个环节，这些环节之间需要精确协调，以确保高效和质量稳定的生产。
为什么传统仓储管理效率低？,传统的仓储管理难以应对快速变化的需求，通常存在识别慢、空间利用不佳、调度滞后等问题，因此需要智能堆垛系统来提高仓储效率和优化堆垛方式。
什么是智能堆垛优化？,智能堆垛优化使用多种算法如PSO、SA、EDA等，基于钢板的尺寸和重量等属性自动生成最优堆垛方案，最大限度地利用仓储空间并减少人工干预。
如何识别钢板的编号？,使用Tesseract OCR结合OpenCV自动检测钢板的编码信息，并将其自动录入到仓储管理系统中，从而减少人工输入的错误并提升效率。
什么是算法性能对比？,对多个优化算法的性能进行评估，展示它们在不同迭代下的收敛曲线，并提供性能指标对比表格，方便用户选择最优算法。
系统如何进行3D堆垛可视化？,通过StackingVisualization.py，系统支持生成3D堆垛图，并通过不同类型的图表如柱状图、折线图等形式动态展示优化结果。
未来系统有哪些改进计划？,系统计划引入大模型提升智能化水平，改进优化算法如PSO和GA等，以提高收敛速度并解决局部最优问题，同时研究如何在不同场景下的应用提供更好的解法分布。
什么是大模型引入？,大模型如qwen2可以增强系统的智能化能力，不仅可以回答用户问题，还能生成个性化的优化建议，帮助用户更高效地使用系统并理解结果。
如何通过VRP算法优化物流？,车辆路径优化（VRP）算法可结合仓储数据，优化配送路线和时间，提升物流配送的效率，减少配送成本。
如何使用图像识别技术？,图像识别模块通过Tesseract OCR和OpenCV技术实现，可以识别钢板编码信息，并支持对图像的预处理如旋转和检测功能，自动化程度高。
为什么要改进传统仓储系统？,钢铁生产流程包含多步骤和复杂工艺，包括从原材料处理到成品生产的多个环节，这些环节之间需要精确协调，以确保高效和质量稳定的生产。
如何最小化翻垛次数？,传统的仓储管理难以应对快速变化的需求，通常存在识别慢、空间利用不佳、调度滞后等问题，因此需要智能堆垛系统来提高仓储效率和优化堆垛方式。
如何最大化库存均衡度？,智能堆垛优化使用多种算法如PSO、SA、EDA等，基于钢板的尺寸和重量等属性自动生成最优堆垛方案，最大限度地利用仓储空间并减少人工干预。
什么是粒子群优化算法（PSO）？,使用Tesseract OCR结合OpenCV自动检测钢板的编码信息，并将其自动录入到仓储管理系统中，从而减少人工输入的错误并提升效率。
遗传算法（GA）的作用是什么？,对多个优化算法的性能进行评估，展示它们在不同迭代下的收敛曲线，并提供性能指标对比表格，方便用户选择最优算法。
模拟退火算法（SA）的基本原理是什么？,通过StackingVisualization.py，系统支持生成3D堆垛图，并通过不同类型的图表如柱状图、折线图等形式动态展示优化结果。
如何结合多个算法进行优化？,系统计划引入大模型提升智能化水平，改进优化算法如PSO和GA等，以提高收敛速度并解决局部最优问题，同时研究如何在不同场景下的应用提供更好的解法分布。
优化算法的性能如何比较？,大模型如qwen2可以增强系统的智能化能力，不仅可以回答用户问题，还能生成个性化的优化建议，帮助用户更高效地使用系统并理解结果。
如何提高系统的识别准确性？,车辆路径优化（VRP）算法可结合仓储数据，优化配送路线和时间，提升物流配送的效率，减少配送成本。
如何减少人工输入错误？,图像识别模块通过Tesseract OCR和OpenCV技术实现，可以识别钢板编码信息，并支持对图像的预处理如旋转和检测功能，自动化程度高。
什么是钢铁生产流程的复杂性？,钢铁生产流程包含多步骤和复杂工艺，包括从原材料处理到成品生产的多个环节，这些环节之间需要精确协调，以确保高效和质量稳定的生产。
为什么传统仓储管理效率低？,传统的仓储管理难以应对快速变化的需求，通常存在识别慢、空间利用不佳、调度滞后等问题，因此需要智能堆垛系统来提高仓储效率和优化堆垛方式。
什么是智能堆垛优化？,智能堆垛优化使用多种算法如PSO、SA、EDA等，基于钢板的尺寸和重量等属性自动生成最优堆垛方案，最大限度地利用仓储空间并减少人工干预。
如何识别钢板的编号？,使用Tesseract OCR结合OpenCV自动检测钢板的编码信息，并将其自动录入到仓储管理系统中，从而减少人工输入的错误并提升效率。
什么是算法性能对比？,对多个优化算法的性能进行评估，展示它们在不同迭代下的收敛曲线，并提供性能指标对比表格，方便用户选择最优算法。
系统如何进行3D堆垛可视化？,通过StackingVisualization.py，系统支持生成3D堆垛图，并通过不同类型的图表如柱状图、折线图等形式动态展示优化结果。
未来系统有哪些改进计划？,系统计划引入大模型提升智能化水平，改进优化算法如PSO和GA等，以提高收敛速度并解决局部最优问题，同时研究如何在不同场景下的应用提供更好的解法分布。
什么是大模型引入？,大模型如qwen2可以增强系统的智能化能力，不仅可以回答用户问题，还能生成个性化的优化建议，帮助用户更高效地使用系统并理解结果。
如何通过VRP算法优化物流？,车辆路径优化（VRP）算法可结合仓储数据，优化配送路线和时间，提升物流配送的效率，减少配送成本。
如何使用图像识别技术？,图像识别模块通过Tesseract OCR和OpenCV技术实现，可以识别钢板编码信息，并支持对图像的预处理如旋转和检测功能，自动化程度高。
为什么要改进传统仓储系统？,钢铁生产流程包含多步骤和复杂工艺，包括从原材料处理到成品生产的多个环节，这些环节之间需要精确协调，以确保高效和质量稳定的生产。
如何最小化翻垛次数？,传统的仓储管理难以应对快速变化的需求，通常存在识别慢、空间利用不佳、调度滞后等问题，因此需要智能堆垛系统来提高仓储效率和优化堆垛方式。
如何最大化库存均衡度？,智能堆垛优化使用多种算法如PSO、SA、EDA等，基于钢板的尺寸和重量等属性自动生成最优堆垛方案，最大限度地利用仓储空间并减少人工干预。
什么是粒子群优化算法（PSO）？,使用Tesseract OCR结合OpenCV自动检测钢板的编码信息，并将其自动录入到仓储管理系统中，从而减少人工输入的错误并提升效率。
遗传算法（GA）的作用是什么？,对多个优化算法的性能进行评估，展示它们在不同迭代下的收敛曲线，并提供性能指标对比表格，方便用户选择最优算法。
模拟退火算法（SA）的基本原理是什么？,通过StackingVisualization.py，系统支持生成3D堆垛图，并通过不同类型的图表如柱状图、折线图等形式动态展示优化结果。
如何结合多个算法进行优化？,系统计划引入大模型提升智能化水平，改进优化算法如PSO和GA等，以提高收敛速度并解决局部最优问题，同时研究如何在不同场景下的应用提供更好的解法分布。
优化算法的性能如何比较？,大模型如qwen2可以增强系统的智能化能力，不仅可以回答用户问题，还能生成个性化的优化建议，帮助用户更高效地使用系统并理解结果。
如何提高系统的识别准确性？,车辆路径优化（VRP）算法可结合仓储数据，优化配送路线和时间，提升物流配送的效率，减少配送成本。
如何减少人工输入错误？,图像识别模块通过Tesseract OCR和OpenCV技术实现，可以识别钢板编码信息，并支持对图像的预处理如旋转和检测功能，自动化程度高。
什么是钢铁生产流程的复杂性？,钢铁生产流程包含多步骤和复杂工艺，包括从原材料处理到成品生产的多个环节，这些环节之间需要精确协调，以确保高效和质量稳定的生产。
为什么传统仓储管理效率低？,传统的仓储管理难以应对快速变化的需求，通常存在识别慢、空间利用不佳、调度滞后等问题，因此需要智能堆垛系统来提高仓储效率和优化堆垛方式。
什么是智能堆垛优化？,智能堆垛优化使用多种算法如PSO、SA、EDA等，基于钢板的尺寸和重量等属性自动生成最优堆垛方案，最大限度地利用仓储空间并减少人工干预。
如何识别钢板的编号？,使用Tesseract OCR结合OpenCV自动检测钢板的编码信息，并将其自动录入到仓储管理系统中，从而减少人工输入的错误并提升效率。
什么是算法性能对比？,对多个优化算法的性能进行评估，展示它们在不同迭代下的收敛曲线，并提供性能指标对比表格，方便用户选择最优算法。
系统如何进行3D堆垛可视化？,通过StackingVisualization.py，系统支持生成3D堆垛图，并通过不同类型的图表如柱状图、折线图等形式动态展示优化结果。
未来系统有哪些改进计划？,系统计划引入大模型提升智能化水平，改进优化算法如PSO和GA等，以提高收敛速度并解决局部最优问题，同时研究如何在不同场景下的应用提供更好的解法分布。
什么是大模型引入？,大模型如qwen2可以增强系统的智能化能力，不仅可以回答用户问题，还能生成个性化的优化建议，帮助用户更高效地使用系统并理解结果。
如何通过VRP算法优化物流？,车辆路径优化（VRP）算法可结合仓储数据，优化配送路线和时间，提升物流配送的效率，减少配送成本。
如何使用图像识别技术？,图像识别模块通过Tesseract OCR和OpenCV技术实现，可以识别钢板编码信息，并支持对图像的预处理如旋转和检测功能，自动化程度高。
为什么要改进传统仓储系统？,钢铁生产流程包含多步骤和复杂工艺，包括从原材料处理到成品生产的多个环节，这些环节之间需要精确协调，以确保高效和质量稳定的生产。
如何最小化翻垛次数？,传统的仓储管理难以应对快速变化的需求，通常存在识别慢、空间利用不佳、调度滞后等问题，因此需要智能堆垛系统来提高仓储效率和优化堆垛方式。
如何最大化库存均衡度？,智能堆垛优化使用多种算法如PSO、SA、EDA等，基于钢板的尺寸和重量等属性自动生成最优堆垛方案，最大限度地利用仓储空间并减少人工干预。
什么是粒子群优化算法（PSO）？,使用Tesseract OCR结合OpenCV自动检测钢板的编码信息，并将其自动录入到仓储管理系统中，从而减少人工输入的错误并提升效率。
遗传算法（GA）的作用是什么？,对多个优化算法的性能进行评估，展示它们在不同迭代下的收敛曲线，并提供性能指标对比表格，方便用户选择最优算法。
模拟退火算法（SA）的基本原理是什么？,通过StackingVisualization.py，系统支持生成3D堆垛图，并通过不同类型的图表如柱状图、折线图等形式动态展示优化结果。
如何结合多个算法进行优化？,系统计划引入大模型提升智能化水平，改进优化算法如PSO和GA等，以提高收敛速度并解决局部最优问题，同时研究如何在不同场景下的应用提供更好的解法分布。
优化算法的性能如何比较？,大模型如qwen2可以增强系统的智能化能力，不仅可以回答用户问题，还能生成个性化的优化建议，帮助用户更高效地使用系统并理解结果。
如何提高系统的识别准确性？,车辆路径优化（VRP）算法可结合仓储数据，优化配送路线和时间，提升物流配送的效率，减少配送成本。
如何减少人工输入错误？,图像识别模块通过Tesseract OCR和OpenCV技术实现，可以识别钢板编码信息，并支持对图像的预处理如旋转和检测功能，自动化程度高。
什么是钢铁生产流程的复杂性？,钢铁生产流程包含多步骤和复杂工艺，包括从原材料处理到成品生产的多个环节，这些环节之间需要精确协调，以确保高效和质量稳定的生产。
为什么传统仓储管理效率低？,传统的仓储管理难以应对快速变化的需求，通常存在识别慢、空间利用不佳、调度滞后等问题，因此需要智能堆垛系统来提高仓储效率和优化堆垛方式。
什么是智能堆垛优化？,智能堆垛优化使用多种算法如PSO、SA、EDA等，基于钢板的尺寸和重量等属性自动生成最优堆垛方案，最大限度地利用仓储空间并减少人工干预。
如何识别钢板的编号？,使用Tesseract OCR结合OpenCV自动检测钢板的编码信息，并将其自动录入到仓储管理系统中，从而减少人工输入的错误并提升效率。
什么是算法性能对比？,对多个优化算法的性能进行评估，展示它们在不同迭代下的收敛曲线，并提供性能指标对比表格，方便用户选择最优算法。
系统如何进行3D堆垛可视化？,通过StackingVisualization.py，系统支持生成3D堆垛图，并通过不同类型的图表如柱状图、折线图等形式动态展示优化结果。
未来系统有哪些改进计划？,系统计划引入大模型提升智能化水平，改进优化算法如PSO和GA等，以提高收敛速度并解决局部最优问题，同时研究如何在不同场景下的应用提供更好的解法分布。
什么是大模型引入？,大模型如qwen2可以增强系统的智能化能力，不仅可以回答用户问题，还能生成个性化的优化建议，帮助用户更高效地使用系统并理解结果。
如何通过VRP算法优化物流？,车辆路径优化（VRP）算法可结合仓储数据，优化配送路线和时间，提升物流配送的效率，减少配送成本。
如何使用图像识别技术？,图像识别模块通过Tesseract OCR和OpenCV技术实现，可以识别钢板编码信息，并支持对图像的预处理如旋转和检测功能，自动化程度高。
为什么要改进传统仓储系统？,钢铁生产流程包含多步骤和复杂工艺，包括从原材料处理到成品生产的多个环节，这些环节之间需要精确协调，以确保高效和质量稳定的生产。
如何最小化翻垛次数？,传统的仓储管理难以应对快速变化的需求，通常存在识别慢、空间利用不佳、调度滞后等问题，因此需要智能堆垛系统来提高仓储效率和优化堆垛方式。
如何最大化库存均衡度？,智能堆垛优化使用多种算法如PSO、SA、EDA等，基于钢板的尺寸和重量等属性自动生成最优堆垛方案，最大限度地利用仓储空间并减少人工干预。
什么是粒子群优化算法（PSO）？,使用Tesseract OCR结合OpenCV自动检测钢板的编码信息，并将其自动录入到仓储管理系统中，从而减少人工输入的错误并提升效率。
遗传算法（GA）的作用是什么？,对多个优化算法的性能进行评估，展示它们在不同迭代下的收敛曲线，并提供性能指标对比表格，方便用户选择最优算法。
模拟退火算法（SA）的基本原理是什么？,通过StackingVisualization.py，系统支持生成3D堆垛图，并通过不同类型的图表如柱状图、折线图等形式动态展示优化结果。
如何结合多个算法进行优化？,系统计划引入大模型提升智能化水平，改进优化算法如PSO和GA等，以提高收敛速度并解决局部最优问题，同时研究如何在不同场景下的应用提供更好的解法分布。
优化算法的性能如何比较？,大模型如qwen2可以增强系统的智能化能力，不仅可以回答用户问题，还能生成个性化的优化建议，帮助用户更高效地使用系统并理解结果。
如何提高系统的识别准确性？,车辆路径优化（VRP）算法可结合仓储数据，优化配送路线和时间，提升物流配送的效率，减少配送成本。
如何减少人工输入错误？,图像识别模块通过Tesseract OCR和OpenCV技术实现，可以识别钢板编码信息，并支持对图像的预处理如旋转和检测功能，自动化程度高。
什么是钢铁生产流程的复杂性？,钢铁生产流程包含多步骤和复杂工艺，包括从原材料处理到成品生产的多个环节，这些环节之间需要精确协调，以确保高效和质量稳定的生产。
为什么传统仓储管理效率低？,传统的仓储管理难以应对快速变化的需求，通常存在识别慢、空间利用不佳、调度滞后等问题，因此需要智能堆垛系统来提高仓储效率和优化堆垛方式。
什么是智能堆垛优化？,智能堆垛优化使用多种算法如PSO、SA、EDA等，基于钢板的尺寸和重量等属性自动生成最优堆垛方案，最大限度地利用仓储空间并减少人工干预。
如何识别钢板的编号？,使用Tesseract OCR结合OpenCV自动检测钢板的编码信息，并将其自动录入到仓储管理系统中，从而减少人工输入的错误并提升效率。
什么是算法性能对比？,对多个优化算法的性能进行评估，展示它们在不同迭代下的收敛曲线，并提供性能指标对比表格，方便用户选择最优算法。
系统如何进行3D堆垛可视化？,通过StackingVisualization.py，系统支持生成3D堆垛图，并通过不同类型的图表如柱状图、折线图等形式动态展示优化结果。
未来系统有哪些改进计划？,系统计划引入大模型提升智能化水平，改进优化算法如PSO和GA等，以提高收敛速度并解决局部最优问题，同时研究如何在不同场景下的应用提供更好的解法分布。
什么是大模型引入？,大模型如qwen2可以增强系统的智能化能力，不仅可以回答用户问题，还能生成个性化的优化建议，帮助用户更高效地使用系统并理解结果。
如何通过VRP算法优化物流？,车辆路径优化（VRP）算法可结合仓储数据，优化配送路线和时间，提升物流配送的效率，减少配送成本。
如何使用图像识别技术？,图像识别模块通过Tesseract OCR和OpenCV技术实现，可以识别钢板编码信息，并支持对图像的预处理如旋转和检测功能，自动化程度高。
为什么要改进传统仓储系统？,钢铁生产流程包含多步骤和复杂工艺，包括从原材料处理到成品生产的多个环节，这些环节之间需要精确协调，以确保高效和质量稳定的生产。
如何最小化翻垛次数？,传统的仓储管理难以应对快速变化的需求，通常存在识别慢、空间利用不佳、调度滞后等问题，因此需要智能堆垛系统来提高仓储效率和优化堆垛方式。
如何最大化库存均衡度？,智能堆垛优化使用多种算法如PSO、SA、EDA等，基于钢板的尺寸和重量等属性自动生成最优堆垛方案，最大限度地利用仓储空间并减少人工干预。
什么是粒子群优化算法（PSO）？,使用Tesseract OCR结合OpenCV自动检测钢板的编码信息，并将其自动录入到仓储管理系统中，从而减少人工输入的错误并提升效率。
遗传算法（GA）的作用是什么？,对多个优化算法的性能进行评估，展示它们在不同迭代下的收敛曲线，并提供性能指标对比表格，方便用户选择最优算法。
模拟退火算法（SA）的基本原理是什么？,通过StackingVisualization.py，系统支持生成3D堆垛图，并通过不同类型的图表如柱状图、折线图等形式动态展示优化结果。
如何结合多个算法进行优化？,系统计划引入大模型提升智能化水平，改进优化算法如PSO和GA等，以提高收敛速度并解决局部最优问题，同时研究如何在不同场景下的应用提供更好的解法分布。
优化算法的性能如何比较？,大模型如qwen2可以增强系统的智能化能力，不仅可以回答用户问题，还能生成个性化的优化建议，帮助用户更高效地使用系统并理解结果。
如何提高系统的识别准确性？,车辆路径优化（VRP）算法可结合仓储数据，优化配送路线和时间，提升物流配送的效率，减少配送成本。
如何减少人工输入错误？,图像识别模块通过Tesseract OCR和OpenCV技术实现，可以识别钢板编码信息，并支持对图像的预处理如旋转和检测功能，自动化程度高。
什么是钢铁生产流程的复杂性？,钢铁生产流程包含多步骤和复杂工艺，包括从原材料处理到成品生产的多个环节，这些环节之间需要精确协调，以确保高效和质量稳定的生产。
为什么传统仓储管理效率低？,传统的仓储管理难以应对快速变化的需求，通常存在识别慢、空间利用不佳、调度滞后等问题，因此需要智能堆垛系统来提高仓储效率和优化堆垛方式。
什么是智能堆垛优化？,智能堆垛优化使用多种算法如PSO、SA、EDA等，基于钢板的尺寸和重量等属性自动生成最优堆垛方案，最大限度地利用仓储空间并减少人工干预。
如何识别钢板的编号？,使用Tesseract OCR结合OpenCV自动检测钢板的编码信息，并将其自动录入到仓储管理系统中，从而减少人工输入的错误并提升效率。
什么是算法性能对比？,对多个优化算法的性能进行评估，展示它们在不同迭代下的收敛曲线，并提供性能指标对比表格，方便用户选择最优算法。
系统如何进行3D堆垛可视化？,通过StackingVisualization.py，系统支持生成3D堆垛图，并通过不同类型的图表如柱状图、折线图等形式动态展示优化结果。
未来系统有哪些改进计划？,系统计划引入大模型提升智能化水平，改进优化算法如PSO和GA等，以提高收敛速度并解决局部最优问题，同时研究如何在不同场景下的应用提供更好的解法分布。
什么是大模型引入？,大模型如qwen2可以增强系统的智能化能力，不仅可以回答用户问题，还能生成个性化的优化建议，帮助用户更高效地使用系统并理解结果。
如何通过VRP算法优化物流？,车辆路径优化（VRP）算法可结合仓储数据，优化配送路线和时间，提升物流配送的效率，减少配送成本。
如何使用图像识别技术？,图像识别模块通过Tesseract OCR和OpenCV技术实现，可以识别钢板编码信息，并支持对图像的预处理如旋转和检测功能，自动化程度高。
为什么要改进传统仓储系统？,钢铁生产流程包含多步骤和复杂工艺，包括从原材料处理到成品生产的多个环节，这些环节之间需要精确协调，以确保高效和质量稳定的生产。
如何最小化翻垛次数？,传统的仓储管理难以应对快速变化的需求，通常存在识别慢、空间利用不佳、调度滞后等问题，因此需要智能堆垛系统来提高仓储效率和优化堆垛方式。
如何最大化库存均衡度？,智能堆垛优化使用多种算法如PSO、SA、EDA等，基于钢板的尺寸和重量等属性自动生成最优堆垛方案，最大限度地利用仓储空间并减少人工干预。
什么是粒子群优化算法（PSO）？,使用Tesseract OCR结合OpenCV自动检测钢板的编码信息，并将其自动录入到仓储管理系统中，从而减少人工输入的错误并提升效率。
遗传算法（GA）的作用是什么？,对多个优化算法的性能进行评估，展示它们在不同迭代下的收敛曲线，并提供性能指标对比表格，方便用户选择最优算法。
模拟退火算法（SA）的基本原理是什么？,通过StackingVisualization.py，系统支持生成3D堆垛图，并通过不同类型的图表如柱状图、折线图等形式动态展示优化结果。
如何结合多个算法进行优化？,系统计划引入大模型提升智能化水平，改进优化算法如PSO和GA等，以提高收敛速度并解决局部最优问题，同时研究如何在不同场景下的应用提供更好的解法分布。
优化算法的性能如何比较？,大模型如qwen2可以增强系统的智能化能力，不仅可以回答用户问题，还能生成个性化的优化建议，帮助用户更高效地使用系统并理解结果。
如何提高系统的识别准确性？,车辆路径优化（VRP）算法可结合仓储数据，优化配送路线和时间，提升物流配送的效率，减少配送成本。
如何减少人工输入错误？,图像识别模块通过Tesseract OCR和OpenCV技术实现，可以识别钢板编码信息，并支持对图像的预处理如旋转和检测功能，自动化程度高。
